coupler_frequency_ghz,static_zz_khz
# Source: Collodo et al., Phys. Rev. Lett. 125, 240502 (2020), Fig. 2(a).
# Dataset: https://doi.org/10.3929/ethz-b-000502238 (CC BY 4.0).
# The source header says Hz, but its values align with the published kHz axis and measured kHz data; stored here as kHz.
8.702878524003461,-1130.77804
8.7027137530409,-1096.91083
8.702237361376202,-1064.45039
8.70144934078777,-1033.28881
8.700349679930504,-1003.32901
8.698938364335785,-974.48353
8.697215376411549,-946.673319
8.695180695441154,-919.826823
8.692834297586659,-893.879128
8.690176155892903,-868.771231
8.687206240291566,-844.449404
8.683924517607204,-820.864635
8.680330951565084,-797.97214
8.676425502800107,-775.730937
8.672208128867995,-754.103469
8.667678784257252,-733.055266
8.662837420404117,-712.554657
8.657683985709246,-692.572507
8.652218425554787,-673.081989
8.646440682327198,-654.058374
8.640350695439098,-635.478852
8.633948401356863,-617.322372
8.627233733627687,-599.569492
8.620206622913019,-582.202253
8.612866997023788,-565.204062
8.605214780958914,-548.559591
8.59724989694843,-532.254682
8.588972264501068,-516.276266
8.580381800455228,-500.612287
8.571478419035703,-485.251641
8.562262031915587,-470.184112
8.552732548283267,-455.400323
8.542889874917845,-440.891686
8.53273391626513,-426.650363
8.522264574529853,-412.669231
8.511481749766206,-398.941849
8.50038533998354,-385.462426
8.488975241256735,-372.225806
8.477251347847771,-359.227438
8.465213552337529,-346.463369
8.452861745767715,-333.930221
8.44019581779511,-321.625187
8.427215656858923,-309.546024
8.41392115036035,-297.69104
8.400312184858759,-286.059105
8.386388646281684,-274.64964
8.372150420153039,-263.462629
8.357597391839088,-252.498622
8.342729446813914,-241.758744
8.3275464709463,-231.24471
8.31204835080826,-220.958838
8.296234974009636,-210.904067
8.28010622955666,-201.083981
8.263662008240612,-191.502831
8.24690220305528,-182.165563
8.229826709648469,-173.077854
8.21243542680717,-164.246144
8.1947282569808,-155.677675
8.176705106846747,-147.380542
8.158365887915746,-139.363735
8.139710517190052,-131.6372
8.120738917867198,-124.211893
8.101451020101678,-117.099856
8.081846761825286,-110.314279
8.061926089630084,-103.86959
8.04168895972255,-97.7815396
8.021135338949016,-92.0673012
8.000265205905063,-86.745576
7.9790785521289305,-81.8367127
7.9575753833922045,-77.3628381
7.935755721088075,-73.3479988
7.913619603734207,-69.8183203
7.8911670885927565,-66.8021798
7.868398253420511,-64.3303974
7.845313198360247,-62.4364483
7.821912047983641,-61.1566949
7.798194953503129,-60.5306452
7.774162095158594,-60.6012369
7.7498136848082355,-61.4151536
7.7251499687269405,-63.0231751
7.700171230641739,-65.4805636
7.674877795020897,-68.8474978
7.649270030640935,-73.1895503
7.62334835445859,-78.5782241
7.597113235814828,-85.0915478
7.570565201005422,-92.8147416
7.543704838249139,-101.840963
7.516532803098075,-112.272144
7.489049824327855,-124.219923
7.461256710363756,-137.806703
7.433154356290014,-153.166836
7.40474375150679,-170.447963
7.376025988103192,-189.812523
7.347002270021509,-211.439469
7.317673923097561,-235.526206
7.288042406077885,-262.290806
7.258109322718969,-291.974517
7.2278764350927425,-324.844641
7.197345678239864,-361.19782
7.166519176329343,-401.363803
7.135399260501118,-445.709789
7.103988488603314,-494.645421
7.07228966705611,-548.628567
7.040305875111084,-608.172016
7.008040491814555,-673.851266
6.975497226034159,-746.313603
6.942680149953195,-826.288715
6.909593736508845,-914.601157
6.87624290131963,-1012.18501
6.84263304974151,-1120.10123
6.808770129787956,-1239.55815
6.774660691776397,-1371.93601
6.740311955707662,-1518.81614
6.705731887552338,-1682.01601
6.670929285823728,-1863.63158
6.6359138800484505,-2066.08834
6.6006964430358135,-2292.20362
6.565288919168412,-2545.26249
6.529704571325206,-2829.11108
6.493958149504971,-3148.27162
6.458066084727095,-3508.08512
6.4220467123880125,-3914.88912
6.38592052990634,-4376.24036
6.349710494202055,-4901.195
6.3134423653029454,-5500.663
6.277145103050347,-6187.85813
6.240851324428491,-6978.87178
6.2045978292292325,-7893.40645
6.168426201301818,-8955.71499
6.132383491029217,-10195.8028
6.096522981160158,-11650.9615
6.060905031614682,-13367.7118
6.025597987774063,-15404.2309
5.990679118941302,-17833.3149
5.956235526504122,-20745.8547
5.9223649220436885,-24254.6386
5.88917612229514,-28497.9806
5.856789041352311,-33642.1392
5.825333888132895,-39880.6996
5.79494921747741,-47428.1659
5.765778471102566,-56504.3996
5.737964730754388,-67307.1395
5.71164364448518,-79972.6639
5.686934902426913,-94529.6195
5.663933176435645,-110855.58
5.642699930544254,-128645.61
5.62325770648124,-147395.06
5.605588186133378,-166389.743
5.589634536121027,-184696.038
5.575307524851577,-201162.47
5.562494081730292,-214487.508
5.551066642214695,-223443.962
5.540891820191955,-227269.61
5.531837468664273,-225990.543
5.523777764594046,-220369.7
5.516596397489474,-211531.914
5.510188190930848,-200596.325
5.504459568152962,-188494.376
5.499328248033557,-175934.956
5.494722483846383,-163431.467
5.490580072594812,-151341.55
5.486847287766445,-139902.492
5.48347783004937,-129259.588
5.480431849024301,-119488.678
5.477675061206413,-110614.408
5.475177972520984,-102625.131
5.472915203202149,-95484.9732
5.4708649077317455,-89143.3257
5.469008280045276,-83542.0412
5.467329133589723,-78620.6426
5.465813546188446,-74319.8974
5.464449560525047,-70584.1168
5.463226932137163,-67362.5102
5.462136917919786,-64609.8753
5.4611720992116695,-62286.8469
5.460326234500559,-60359.8734
5.459594137653859,-58801.0425
5.458971578338006,-57587.8402
5.4584552019359895,-56702.9026
5.458042466843542,-56133.7964
5.457731597522886,-55872.8531
5.457521552107342,-55917.0718
5.457412003757393,-56268.1011
5.457403335302216,-56932.3035
5.457496647056079,-57920.9055
5.4576937780159005,-59250.2317
5.457997340998257,-60942.0167
5.458410772636161,-63023.78
5.458938399560315,-65529.2415
5.459585522547174,-68498.7319
5.46035852094551,-71979.5315
5.4612649803002835,-76026.0305
5.462313846812592,-80699.5515
5.463515613100591,-86067.611
5.4648825406930985,-92202.3151
5.466428925775547,-99177.4992
5.468171415931926,-107064.148
5.470129386914546,-115923.578
5.472325389771924,-125797.879
5.474785679757655,-136697.118
